Station;032 Grunewald;032 Grunewald;032 Grunewald;032 Grunewald;032 Grunewald
Messkomponente;Feinstaub (PM10);Stickstoffmonoxid;Stickstoffdioxid;Stickoxide;Ozon
Einheit;µg/m³;µg/m³;µg/m³;µg/m³;µg/m³
Messzeit (Angaben in MESZ bzw. MEZ);Stundenwerte;Stundenwerte;Stundenwerte;Stundenwerte;Stundenwerte

10.05.2021 16:00;11;0;4;3;128
10.05.2021 17:00;13;0;4;4;135
10.05.2021 18:00;12;0;3;3;129
10.05.2021 19:00;12;0;3;3;123
10.05.2021 20:00;17;0;4;4;109
10.05.2021 21:00;16;0;4;4;92
10.05.2021 22:00;15;0;8;7;68
10.05.2021 23:00;15;0;5;5;66
11.05.2021 00:00;17;0;8;8;67
11.05.2021 01:00;17;0;5;5;79
11.05.2021 02:00;15;0;4;4;84
11.05.2021 03:00;13;0;5;5;81
11.05.2021 04:00;12;0;5;5;83
11.05.2021 05:00;12;0;6;6;81
11.05.2021 06:00;12;0;6;6;80
11.05.2021 07:00;15;0;14;14;72
11.05.2021 08:00;18;1;20;21;66
11.05.2021 09:00;23;1;24;26;57
11.05.2021 10:00;23;1;21;23;67
11.05.2021 11:00;22;1;16;16;82
11.05.2021 12:00;21;1;14;15;90
11.05.2021 13:00;22;0;8;8;119
11.05.2021 14:00;23;0;7;7;133
11.05.2021 15:00;23;0;6;6;144
11.05.2021 16:00;22;0;5;4;143
11.05.2021 17:00;25;0;6;6;146
11.05.2021 18:00;27;0;6;6;144
11.05.2021 19:00;26;0;5;5;131
11.05.2021 20:00;21;0;6;6;94
11.05.2021 21:00;20;0;6;6;75
11.05.2021 22:00;16;0;5;5;73
11.05.2021 23:00;15;0;5;5;72
12.05.2021 00:00;10;0;4;4;78
12.05.2021 01:00;13;0;3;3;65
12.05.2021 02:00;11;0;2;2;60
12.05.2021 03:00;12;0;2;2;60
12.05.2021 04:00;13;0;2;3;55
12.05.2021 05:00;11;0;2;2;53
12.05.2021 06:00;11;0;2;2;52
12.05.2021 07:00;12;0;2;3;47
12.05.2021 08:00;14;0;3;3;47
12.05.2021 09:00;15;0;3;3;49
12.05.2021 10:00;14;0;3;3;54
12.05.2021 11:00;16;0;3;3;52
12.05.2021 12:00;16;0;3;3;53
12.05.2021 13:00;15;;;;
12.05.2021 14:00;15;0;3;3;46
12.05.2021 15:00;17;0;3;3;49
12.05.2021 16:00;18;0;4;4;51
12.05.2021 17:00;19;0;6;6;47
12.05.2021 18:00;19;0;7;7;46
12.05.2021 19:00;19;0;7;7;43
12.05.2021 20:00;17;0;7;7;42
12.05.2021 21:00;15;0;5;5;44
12.05.2021 22:00;16;0;4;4;46
12.05.2021 23:00;19;0;4;4;47
13.05.2021 00:00;21;0;4;4;45
13.05.2021 01:00;20;0;4;4;44
13.05.2021 02:00;17;0;4;4;46
13.05.2021 03:00;15;0;3;4;48
13.05.2021 04:00;15;0;3;4;51
13.05.2021 05:00;15;0;3;3;52
13.05.2021 06:00;14;0;3;3;56
13.05.2021 07:00;14;0;3;3;54
13.05.2021 08:00;13;0;3;3;53
13.05.2021 09:00;14;0;3;3;51
13.05.2021 10:00;11;0;2;3;50
13.05.2021 11:00;10;0;2;3;51
13.05.2021 12:00;8;0;3;3;46
13.05.2021 13:00;6;0;3;3;43
13.05.2021 14:00;5;0;3;4;41
13.05.2021 15:00;6;0;3;4;40
13.05.2021 16:00;5;0;3;4;41
13.05.2021 17:00;5;0;3;3;41
13.05.2021 18:00;5;0;3;3;43
13.05.2021 19:00;5;0;3;3;42
13.05.2021 20:00;6;0;3;3;44
13.05.2021 21:00;6;0;3;3;50
13.05.2021 22:00;6;0;3;3;45
13.05.2021 23:00;7;0;3;3;43
14.05.2021 00:00;6;0;2;3;47
14.05.2021 01:00;6;0;3;3;45
14.05.2021 02:00;5;0;2;2;44
14.05.2021 03:00;5;0;2;2;46
14.05.2021 04:00;6;0;1;2;48
14.05.2021 05:00;6;0;1;2;52
14.05.2021 06:00;6;0;1;2;52
14.05.2021 07:00;6;0;1;2;57
14.05.2021 08:00;8;0;2;2;57
14.05.2021 09:00;8;0;2;3;64
14.05.2021 10:00;5;0;1;2;67
14.05.2021 11:00;6;0;1;1;70
14.05.2021 12:00;7;0;1;1;69
14.05.2021 13:00;8;0;1;2;73
14.05.2021 14:00;8;0;1;1;75
14.05.2021 15:00;6;0;0;1;82
14.05.2021 16:00;6;0;0;1;84
14.05.2021 17:00;6;0;1;1;82
14.05.2021 18:00;5;0;0;1;83
14.05.2021 19:00;5;0;1;2;81
14.05.2021 20:00;5;0;1;2;79
14.05.2021 21:00;5;0;2;2;69
14.05.2021 22:00;6;0;2;2;53
14.05.2021 23:00;7;0;1;2;37
15.05.2021 00:00;8;0;1;2;25
15.05.2021 01:00;9;0;2;2;17
15.05.2021 02:00;9;0;2;2;14
15.05.2021 03:00;10;0;6;7;9
15.05.2021 04:00;10;0;10;10;8
15.05.2021 05:00;10;0;9;9;4
15.05.2021 06:00;10;0;8;9;3
15.05.2021 07:00;10;3;11;15;2
15.05.2021 08:00;11;9;14;28;3
15.05.2021 09:00;14;3;12;16;26
15.05.2021 10:00;17;0;6;6;57
15.05.2021 11:00;17;0;5;5;71
15.05.2021 12:00;15;0;5;4;78
15.05.2021 13:00;11;0;4;4;78
15.05.2021 14:00;9;0;3;3;81
15.05.2021 15:00;7;0;3;3;80
15.05.2021 16:00;8;0;4;3;85
15.05.2021 17:00;7;0;3;3;92
15.05.2021 18:00;8;0;3;3;92
15.05.2021 19:00;7;0;4;3;91
15.05.2021 20:00;6;0;5;4;92
15.05.2021 21:00;7;0;6;5;64
15.05.2021 22:00;7;0;7;6;60
15.05.2021 23:00;6;0;8;8;50
16.05.2021 00:00;7;0;8;7;39
16.05.2021 01:00;8;0;13;12;35
16.05.2021 02:00;9;0;10;10;26
16.05.2021 03:00;9;0;9;9;22
16.05.2021 04:00;9;0;9;9;16
16.05.2021 05:00;9;0;7;7;15
16.05.2021 06:00;9;0;6;6;13
16.05.2021 07:00;7;0;7;7;32
16.05.2021 08:00;7;0;7;7;43
16.05.2021 09:00;6;0;6;6;49
16.05.2021 10:00;6;0;5;5;46
16.05.2021 11:00;6;0;3;3;53
16.05.2021 12:00;6;0;3;3;61
16.05.2021 13:00;8;0;2;2;70
16.05.2021 14:00;8;0;2;2;78
16.05.2021 15:00;7;0;2;2;75
16.05.2021 16:00;7;0;3;3;72
16.05.2021 17:00;7;0;2;2;78
16.05.2021 18:00;8;0;3;2;75
16.05.2021 19:00;8;0;3;3;73
16.05.2021 20:00;8;0;4;3;74
16.05.2021 21:00;8;0;3;3;58
16.05.2021 22:00;7;0;4;3;46
16.05.2021 23:00;8;0;6;6;30
17.05.2021 00:00;7;0;11;10;27
17.05.2021 01:00;7;0;13;13;18
17.05.2021 02:00;7;0;10;10;16
17.05.2021 03:00;8;0;9;9;11
17.05.2021 04:00;8;0;9;9;8
17.05.2021 05:00;7;0;7;7;8
17.05.2021 06:00;8;1;11;13;4
17.05.2021 07:00;8;1;15;17;8
17.05.2021 08:00;7;1;14;15;21
17.05.2021 09:00;5;0;6;7;44
17.05.2021 10:00;8;0;5;5;60
17.05.2021 11:00;7;0;2;3;73
17.05.2021 12:00;6;0;2;2;77
17.05.2021 13:00;6;0;2;2;79
17.05.2021 14:00;6;0;2;2;87
17.05.2021 15:00;6;0;2;2;90
17.05.2021 16:00;6;0;2;2;94
17.05.2021 17:00;6;0;2;3;92
17.05.2021 18:00;7;0;3;3;90
17.05.2021 19:00;8;0;4;4;83
17.05.2021 20:00;8;0;5;5;66
17.05.2021 21:00;6;0;3;3;54
17.05.2021 22:00;6;0;3;3;45
17.05.2021 23:00;6;0;4;4;31
18.05.2021 00:00;7;0;5;5;16
18.05.2021 01:00;8;0;6;6;11
18.05.2021 02:00;8;0;9;9;7
18.05.2021 03:00;8;1;10;12;5
18.05.2021 04:00;7;0;6;6;25
18.05.2021 05:00;7;0;6;6;17
18.05.2021 06:00;7;0;6;6;30
18.05.2021 07:00;7;0;8;8;40
18.05.2021 08:00;9;0;8;8;40
18.05.2021 09:00;12;0;5;6;46
18.05.2021 10:00;12;0;4;4;51
18.05.2021 11:00;6;0;3;3;59
18.05.2021 12:00;6;0;2;2;66
18.05.2021 13:00;8;0;2;2;78
18.05.2021 14:00;9;0;1;1;82
18.05.2021 15:00;10;0;2;2;78
18.05.2021 16:00;8;0;1;2;83
18.05.2021 17:00;8;0;2;2;85
18.05.2021 18:00;8;0;2;2;82
18.05.2021 19:00;8;0;2;2;81
18.05.2021 20:00;8;0;3;3;76
18.05.2021 21:00;8;0;3;3;67
18.05.2021 22:00;8;0;3;3;49
18.05.2021 23:00;9;0;3;3;36
19.05.2021 00:00;9;0;3;4;28
19.05.2021 01:00;9;0;3;3;26
19.05.2021 02:00;9;0;3;3;21
19.05.2021 03:00;10;0;3;4;12
19.05.2021 04:00;11;0;5;5;8
19.05.2021 05:00;11;0;4;5;21
19.05.2021 06:00;11;0;5;6;18
19.05.2021 07:00;12;0;5;5;27
19.05.2021 08:00;13;0;6;6;55
19.05.2021 09:00;11;0;4;4;70
19.05.2021 10:00;9;0;3;3;80
19.05.2021 11:00;9;0;2;2;84
19.05.2021 12:00;9;0;2;2;88
19.05.2021 13:00;9;0;2;2;92
19.05.2021 14:00;7;0;2;2;93
19.05.2021 15:00;7;0;2;2;94
19.05.2021 16:00;7;0;2;2;95
19.05.2021 17:00;6;0;2;2;97
19.05.2021 18:00;7;0;2;2;97
19.05.2021 19:00;7;0;2;2;97
19.05.2021 20:00;7;0;2;2;94
19.05.2021 21:00;7;0;3;3;80
19.05.2021 22:00;8;0;3;2;70
19.05.2021 23:00;8;0;3;3;57
20.05.2021 00:00;9;0;5;5;50
20.05.2021 01:00;9;0;6;6;41
20.05.2021 02:00;8;0;4;4;50
20.05.2021 03:00;7;0;5;5;63
20.05.2021 04:00;7;0;4;4;62
20.05.2021 05:00;6;0;4;4;63
20.05.2021 06:00;7;0;5;5;60
20.05.2021 07:00;9;0;6;6;51
20.05.2021 08:00;11;0;5;5;52
20.05.2021 09:00;12;0;5;5;58
20.05.2021 10:00;10;0;4;4;71
20.05.2021 11:00;9;0;2;2;77
20.05.2021 12:00;8;0;2;2;81
20.05.2021 13:00;8;0;2;2;85
20.05.2021 14:00;9;0;2;3;87
20.05.2021 15:00;8;0;2;2;90
20.05.2021 16:00;7;0;2;2;91
20.05.2021 17:00;7;0;2;2;92
20.05.2021 18:00;6;0;2;3;95
20.05.2021 19:00;6;0;3;3;96
20.05.2021 20:00;6;0;3;3;93
20.05.2021 21:00;7;0;4;4;81
20.05.2021 22:00;7;0;4;4;75
20.05.2021 23:00;8;0;4;4;59
21.05.2021 00:00;8;0;5;5;48
21.05.2021 01:00;9;1;33;34;15
21.05.2021 02:00;11;1;24;25;25
21.05.2021 03:00;10;1;12;13;38
21.05.2021 04:00;9;0;8;9;46
21.05.2021 05:00;10;0;7;8;50
21.05.2021 06:00;9;1;7;8;45
21.05.2021 07:00;9;1;8;9;39
21.05.2021 08:00;10;0;9;10;49
21.05.2021 09:00;13;1;7;8;62
21.05.2021 10:00;17;1;5;6;70
21.05.2021 11:00;17;1;4;5;78
21.05.2021 12:00;19;1;4;4;82
21.05.2021 13:00;13;1;2;3;88
21.05.2021 14:00;14;1;3;3;90
21.05.2021 15:00;14;0;2;3;90
21.05.2021 16:00;15;0;2;3;92
21.05.2021 17:00;15;0;2;3;90
21.05.2021 18:00;15;1;2;3;88
21.05.2021 19:00;15;0;3;3;94
21.05.2021 20:00;15;0;3;4;89
21.05.2021 21:00;10;1;3;4;75
21.05.2021 22:00;9;0;4;5;69
21.05.2021 23:00;8;1;11;12;48
22.05.2021 00:00;9;1;11;12;38
22.05.2021 01:00;9;1;11;12;26
22.05.2021 02:00;10;0;9;8;24
22.05.2021 03:00;10;0;10;10;24
22.05.2021 04:00;11;0;11;11;23
22.05.2021 05:00;11;0;13;12;19
22.05.2021 06:00;10;0;14;13;24
22.05.2021 07:00;10;0;12;11;32
22.05.2021 08:00;8;0;8;7;51
22.05.2021 09:00;7;0;5;4;51
22.05.2021 10:00;8;0;5;4;59
22.05.2021 11:00;16;0;3;2;73
22.05.2021 12:00;15;0;3;2;77
22.05.2021 13:00;16;0;3;2;74
22.05.2021 14:00;14;0;3;2;73
22.05.2021 15:00;15;0;3;2;75
22.05.2021 16:00;15;0;3;2;78
22.05.2021 17:00;10;0;2;2;74
22.05.2021 18:00;9;0;3;2;72
22.05.2021 19:00;7;0;3;2;71
22.05.2021 20:00;6;0;3;2;68
22.05.2021 21:00;5;0;3;2;65
22.05.2021 22:00;5;0;4;3;63
22.05.2021 23:00;5;0;3;3;62
23.05.2021 00:00;5;0;4;3;58
23.05.2021 01:00;5;0;4;3;62
23.05.2021 02:00;6;0;4;3;65
23.05.2021 03:00;6;0;3;3;64
23.05.2021 04:00;6;0;3;3;56
23.05.2021 05:00;6;0;3;3;47
23.05.2021 06:00;6;0;4;4;38
23.05.2021 07:00;6;0;5;5;33
23.05.2021 08:00;5;0;4;4;44
23.05.2021 09:00;5;0;4;4;47
23.05.2021 10:00;8;0;2;3;59
23.05.2021 11:00;9;0;2;2;64
23.05.2021 12:00;7;0;2;2;64
23.05.2021 13:00;7;0;1;2;79
23.05.2021 14:00;6;0;2;2;78
23.05.2021 15:00;6;0;2;2;80
23.05.2021 16:00;7;0;2;1;86
23.05.2021 17:00;7;0;2;1;81
23.05.2021 18:00;7;0;2;2;73
23.05.2021 19:00;6;0;2;2;66
23.05.2021 20:00;7;0;2;2;50
23.05.2021 21:00;7;0;2;2;37
23.05.2021 22:00;7;0;2;2;28
23.05.2021 23:00;9;0;4;4;23
24.05.2021 00:00;11;0;7;7;18
24.05.2021 01:00;13;0;9;9;15
24.05.2021 02:00;17;0;11;11;9
24.05.2021 03:00;16;0;13;14;5
24.05.2021 04:00;15;1;13;14;5
24.05.2021 05:00;13;0;8;9;8
24.05.2021 06:00;12;1;8;9;7
24.05.2021 07:00;11;1;9;10;7
24.05.2021 08:00;10;1;9;10;13
24.05.2021 09:00;11;1;6;7;31
24.05.2021 10:00;21;0;5;6;57
24.05.2021 11:00;20;0;3;3;75
24.05.2021 12:00;14;0;3;3;82
24.05.2021 13:00;19;0;3;3;85
24.05.2021 14:00;10;0;3;3;91
24.05.2021 15:00;11;0;3;3;91
24.05.2021 16:00;9;0;3;3;92
24.05.2021 17:00;8;0;3;3;90
24.05.2021 18:00;8;0;3;4;88
24.05.2021 19:00;9;0;4;4;87
24.05.2021 20:00;10;0;4;4;88
24.05.2021 21:00;11;0;6;7;71
24.05.2021 22:00;11;0;9;9;52
24.05.2021 23:00;12;0;13;14;44
25.05.2021 00:00;13;0;21;21;40
25.05.2021 01:00;14;0;12;12;52
25.05.2021 02:00;14;0;7;8;58
25.05.2021 03:00;18;0;4;4;72
25.05.2021 04:00;6;0;3;4;59
25.05.2021 05:00;7;1;6;8;34
25.05.2021 06:00;7;1;9;11;31
25.05.2021 07:00;7;1;11;13;33
25.05.2021 08:00;6;1;6;7;46
25.05.2021 09:00;6;1;4;6;59
25.05.2021 10:00;13;1;3;5;66
25.05.2021 11:00;9;1;3;5;68
25.05.2021 12:00;8;1;3;4;75
25.05.2021 13:00;8;1;3;5;72
25.05.2021 14:00;8;1;3;5;68
25.05.2021 15:00;6;1;2;4;67
25.05.2021 16:00;7;1;3;4;70
25.05.2021 17:00;5;1;4;6;68
25.05.2021 18:00;4;1;3;5;67
25.05.2021 19:00;4;1;4;5;66
25.05.2021 20:00;5;1;4;6;62
25.05.2021 21:00;6;1;4;5;59
25.05.2021 22:00;6;1;5;6;64
25.05.2021 23:00;7;1;5;6;54
26.05.2021 00:00;8;1;4;6;50
26.05.2021 01:00;6;1;4;6;58
26.05.2021 02:00;6;1;4;6;59
26.05.2021 03:00;6;1;4;5;57
26.05.2021 04:00;6;1;4;5;56
26.05.2021 05:00;6;1;4;5;51
26.05.2021 06:00;7;0;5;5;49
26.05.2021 07:00;6;0;7;6;46
26.05.2021 08:00;7;0;6;6;52
26.05.2021 09:00;10;0;5;5;58
26.05.2021 10:00;13;0;4;3;71
26.05.2021 11:00;12;0;3;3;72
26.05.2021 12:00;10;0;4;4;74
26.05.2021 13:00;15;0;4;4;77
26.05.2021 14:00;13;0;4;3;83
26.05.2021 15:00;10;0;3;3;84
26.05.2021 16:00;7;0;4;3;77
26.05.2021 17:00;7;0;4;4;74
26.05.2021 18:00;6;0;4;4;73
26.05.2021 19:00;5;0;4;3;72
26.05.2021 20:00;5;0;5;5;70
26.05.2021 21:00;6;0;6;5;63
26.05.2021 22:00;6;0;7;6;59
26.05.2021 23:00;5;0;6;6;59
27.05.2021 00:00;4;0;6;5;59
27.05.2021 01:00;4;0;4;4;71
27.05.2021 02:00;5;0;4;4;70
27.05.2021 03:00;7;0;5;4;59
27.05.2021 04:00;8;0;5;5;55
27.05.2021 05:00;8;0;7;7;52
27.05.2021 06:00;8;0;8;8;46
27.05.2021 07:00;8;0;9;9;48
27.05.2021 08:00;8;0;5;5;53
27.05.2021 09:00;8;0;5;5;53
27.05.2021 10:00;7;0;4;4;60
27.05.2021 11:00;6;0;4;3;62
27.05.2021 12:00;8;0;3;3;75
27.05.2021 13:00;7;0;3;2;82
27.05.2021 14:00;6;0;2;2;77
27.05.2021 15:00;5;0;2;2;79
27.05.2021 16:00;6;0;3;2;71
27.05.2021 17:00;4;0;3;3;69
27.05.2021 18:00;5;0;2;2;79
27.05.2021 19:00;4;0;3;2;69
27.05.2021 20:00;5;0;3;3;69
27.05.2021 21:00;5;0;3;3;67
27.05.2021 22:00;6;0;3;3;62
27.05.2021 23:00;6;0;3;2;60
28.05.2021 00:00;7;0;3;3;56
28.05.2021 01:00;7;0;3;3;59
28.05.2021 02:00;8;0;3;3;54
28.05.2021 03:00;9;0;3;3;49
28.05.2021 04:00;11;0;3;3;45
28.05.2021 05:00;11;0;3;3;43
28.05.2021 06:00;8;0;3;3;44
28.05.2021 07:00;9;0;4;4;40
28.05.2021 08:00;10;0;5;5;36
28.05.2021 09:00;10;0;5;5;35
28.05.2021 10:00;10;0;4;4;39
28.05.2021 11:00;10;0;4;4;42
28.05.2021 12:00;9;0;3;3;44
28.05.2021 13:00;9;0;3;3;48
28.05.2021 14:00;10;0;8;9;51
28.05.2021 15:00;13;0;6;6;59
28.05.2021 16:00;10;0;6;6;67
28.05.2021 17:00;12;0;6;7;64
28.05.2021 18:00;10;0;7;7;60
28.05.2021 19:00;8;0;5;5;56
28.05.2021 20:00;7;0;4;4;56
28.05.2021 21:00;7;0;3;3;45
28.05.2021 22:00;8;0;2;2;27
28.05.2021 23:00;9;0;3;2;17
29.05.2021 00:00;9;0;4;4;29
29.05.2021 01:00;10;0;4;4;35
29.05.2021 02:00;11;0;3;4;33
29.05.2021 03:00;10;0;3;4;37
29.05.2021 04:00;10;0;4;4;37
29.05.2021 05:00;10;0;4;4;29
29.05.2021 06:00;11;0;4;4;32
29.05.2021 07:00;14;0;4;5;40
29.05.2021 08:00;15;0;4;4;42
29.05.2021 09:00;16;0;3;3;48
29.05.2021 10:00;17;0;3;3;53
29.05.2021 11:00;17;0;2;2;63
29.05.2021 12:00;18;0;2;2;66
29.05.2021 13:00;19;0;2;2;66
29.05.2021 14:00;19;0;2;2;67
29.05.2021 15:00;16;0;2;2;68
29.05.2021 16:00;14;0;2;2;72
29.05.2021 17:00;15;0;2;2;75
29.05.2021 18:00;15;0;2;2;75
29.05.2021 19:00;15;0;2;2;74
29.05.2021 20:00;15;0;3;3;71
29.05.2021 21:00;15;0;5;5;60
29.05.2021 22:00;13;0;6;6;65
29.05.2021 23:00;15;0;8;8;59
30.05.2021 00:00;13;0;11;11;58
30.05.2021 01:00;11;0;8;8;58
30.05.2021 02:00;11;0;18;18;47
30.05.2021 03:00;11;0;6;6;49
30.05.2021 04:00;13;0;5;5;42
30.05.2021 05:00;12;0;4;4;36
30.05.2021 06:00;12;0;4;4;34
30.05.2021 07:00;13;0;5;6;29
30.05.2021 08:00;11;0;4;4;52
30.05.2021 09:00;12;0;1;2;76
30.05.2021 10:00;11;0;1;2;81
30.05.2021 11:00;12;0;1;2;83
30.05.2021 12:00;13;0;1;2;85
30.05.2021 13:00;11;0;1;2;85
30.05.2021 14:00;12;0;1;1;85
30.05.2021 15:00;11;0;1;1;88
30.05.2021 16:00;11;0;1;1;91
30.05.2021 17:00;11;0;1;1;91
30.05.2021 18:00;11;0;1;1;90
30.05.2021 19:00;11;0;1;1;90
30.05.2021 20:00;11;0;2;2;85
30.05.2021 21:00;10;0;2;2;84
30.05.2021 22:00;10;0;3;3;70
30.05.2021 23:00;12;0;5;6;58
31.05.2021 00:00;11;0;6;6;53
31.05.2021 01:00;10;0;7;7;58
31.05.2021 02:00;10;0;10;11;52
31.05.2021 03:00;10;0;9;9;43
31.05.2021 04:00;10;0;9;9;42
31.05.2021 05:00;10;0;10;10;34
31.05.2021 06:00;10;0;10;10;30
31.05.2021 07:00;;0;10;10;22
31.05.2021 08:00;;;;;
31.05.2021 09:00;;;;;
31.05.2021 10:00;;;;;
31.05.2021 11:00;;;;;
31.05.2021 12:00;;;;;
31.05.2021 13:00;;;;;
31.05.2021 14:00;;;;;
31.05.2021 15:00;;;;;
31.05.2021 16:00;;;;;
31.05.2021 17:00;9;0;4;4;101
31.05.2021 18:00;10;0;5;5;99
31.05.2021 19:00;8;0;4;5;92
31.05.2021 20:00;8;0;4;4;84
31.05.2021 21:00;9;0;5;5;70
31.05.2021 22:00;10;0;7;7;57
31.05.2021 23:00;13;0;7;6;57
01.06.2021 00:00;11;0;8;8;53
01.06.2021 01:00;12;0;9;9;45
01.06.2021 02:00;11;0;9;9;39
01.06.2021 03:00;12;0;8;8;32
01.06.2021 04:00;12;0;7;7;29
01.06.2021 05:00;13;0;7;7;23
01.06.2021 06:00;13;0;6;6;22
01.06.2021 07:00;13;0;5;5;21
01.06.2021 08:00;14;0;6;6;26
01.06.2021 09:00;17;0;11;11;53
01.06.2021 10:00;20;0;9;9;64
01.06.2021 11:00;18;0;3;4;84
01.06.2021 12:00;15;0;2;2;89
01.06.2021 13:00;13;0;2;2;86
01.06.2021 14:00;13;0;2;2;89
01.06.2021 15:00;12;0;2;2;90
01.06.2021 16:00;10;0;2;2;96
01.06.2021 17:00;8;0;4;4;97
01.06.2021 18:00;9;0;2;2;100
01.06.2021 19:00;12;0;8;8;95
01.06.2021 20:00;14;0;13;13;82
01.06.2021 21:00;16;0;7;8;83
01.06.2021 22:00;13;0;5;5;81
01.06.2021 23:00;10;0;5;4;76
02.06.2021 00:00;9;0;6;6;72
02.06.2021 01:00;9;0;5;6;69
02.06.2021 02:00;9;0;7;7;60
02.06.2021 03:00;9;0;6;6;63
02.06.2021 04:00;9;0;6;6;63
02.06.2021 05:00;9;0;6;6;64
02.06.2021 06:00;10;0;7;7;60
02.06.2021 07:00;11;0;11;11;54
02.06.2021 08:00;12;0;16;17;49
02.06.2021 09:00;16;1;20;22;43
02.06.2021 10:00;20;2;21;24;47
02.06.2021 11:00;19;1;14;16;66
02.06.2021 12:00;16;0;7;7;85
02.06.2021 13:00;15;0;5;5;98
02.06.2021 14:00;14;0;4;4;103
02.06.2021 15:00;13;0;4;4;99
02.06.2021 16:00;12;0;5;5;100
02.06.2021 17:00;12;0;4;4;104
02.06.2021 18:00;11;0;3;3;104
02.06.2021 19:00;12;0;4;4;96
02.06.2021 20:00;15;0;4;4;89
02.06.2021 21:00;16;0;8;8;78
02.06.2021 22:00;15;0;9;9;67
02.06.2021 23:00;14;0;12;12;61
03.06.2021 00:00;15;0;14;14;49
03.06.2021 01:00;17;0;18;18;41
03.06.2021 02:00;20;0;19;19;35
03.06.2021 03:00;18;0;14;14;53
03.06.2021 04:00;18;0;9;9;55
03.06.2021 05:00;19;0;9;8;57
03.06.2021 06:00;19;0;12;11;50
03.06.2021 07:00;20;0;20;20;43
03.06.2021 08:00;22;0;25;25;41
03.06.2021 09:00;24;0;18;18;63
03.06.2021 10:00;27;0;13;13;93
03.06.2021 11:00;24;0;9;9;110
03.06.2021 12:00;22;0;5;5;119
03.06.2021 13:00;20;0;5;4;118
03.06.2021 14:00;17;0;4;3;120
03.06.2021 15:00;15;0;4;3;120
03.06.2021 16:00;16;0;4;3;124
03.06.2021 17:00;15;0;4;3;122
03.06.2021 18:00;15;0;4;3;122
03.06.2021 19:00;14;0;4;3;118
03.06.2021 20:00;18;0;5;4;95
03.06.2021 21:00;19;0;7;6;93
03.06.2021 22:00;20;0;10;9;85
03.06.2021 23:00;20;0;12;11;75
04.06.2021 00:00;20;0;12;11;71
04.06.2021 01:00;20;0;9;8;71
04.06.2021 02:00;20;0;8;7;73
04.06.2021 03:00;19;0;7;7;71
04.06.2021 04:00;19;0;8;7;63
04.06.2021 05:00;19;0;8;7;73
04.06.2021 06:00;19;0;10;10;72
04.06.2021 07:00;19;0;14;15;63
04.06.2021 08:00;24;0;20;20;50
04.06.2021 09:00;23;1;22;23;28
04.06.2021 10:00;24;2;36;39;25
04.06.2021 11:00;24;1;28;30;35
04.06.2021 12:00;25;1;18;19;45
04.06.2021 13:00;24;1;17;18;62
04.06.2021 14:00;22;1;19;20;78
04.06.2021 15:00;21;1;14;15;96
04.06.2021 16:00;21;0;11;12;104
04.06.2021 17:00;22;0;10;10;113
04.06.2021 18:00;23;0;9;10;113
04.06.2021 19:00;23;0;8;9;108
04.06.2021 20:00;24;0;8;9;99
04.06.2021 21:00;25;0;10;11;78
04.06.2021 22:00;26;0;12;12;63
04.06.2021 23:00;26;0;15;16;57
05.06.2021 00:00;23;0;17;17;43
05.06.2021 01:00;22;0;14;15;60
05.06.2021 02:00;22;0;13;14;43
05.06.2021 03:00;21;0;12;13;43
05.06.2021 04:00;20;0;10;11;50
05.06.2021 05:00;20;0;10;10;35
05.06.2021 06:00;19;0;10;10;30
05.06.2021 07:00;19;0;17;17;25
05.06.2021 08:00;17;0;13;12;47
05.06.2021 09:00;15;0;9;8;79
05.06.2021 10:00;14;0;8;7;105
05.06.2021 11:00;16;0;7;6;117
05.06.2021 12:00;15;0;6;5;121
05.06.2021 13:00;15;0;6;5;130
05.06.2021 14:00;14;0;5;4;134
05.06.2021 15:00;13;0;5;4;135
05.06.2021 16:00;13;0;5;4;135
05.06.2021 17:00;12;0;5;4;130
05.06.2021 18:00;13;0;5;4;123
05.06.2021 19:00;12;0;4;3;118
05.06.2021 20:00;12;0;5;4;109
05.06.2021 21:00;14;0;7;6;90
05.06.2021 22:00;17;0;8;7;82
05.06.2021 23:00;19;0;10;9;77
06.06.2021 00:00;24;0;14;13;67
06.06.2021 01:00;25;0;17;16;52
06.06.2021 02:00;26;0;14;14;55
06.06.2021 03:00;25;0;14;13;44
06.06.2021 04:00;25;0;15;14;39
06.06.2021 05:00;24;0;18;17;37
06.06.2021 06:00;25;0;14;13;39
06.06.2021 07:00;27;0;13;12;29
06.06.2021 08:00;29;0;12;11;34
06.06.2021 09:00;29;0;9;8;71
06.06.2021 10:00;25;0;7;6;94
06.06.2021 11:00;21;0;6;5;116
06.06.2021 12:00;17;0;4;4;120
06.06.2021 13:00;15;0;4;3;123
06.06.2021 14:00;18;0;4;3;122
06.06.2021 15:00;14;0;5;4;131
06.06.2021 16:00;16;0;5;4;128
06.06.2021 17:00;17;0;5;4;137
06.06.2021 18:00;17;0;6;5;138
06.06.2021 19:00;19;0;6;5;117
06.06.2021 20:00;20;0;5;4;109
06.06.2021 21:00;23;0;7;6;97
06.06.2021 22:00;23;0;12;11;74
06.06.2021 23:00;24;0;10;9;62
07.06.2021 00:00;27;0;13;13;53
07.06.2021 01:00;20;0;8;8;55
07.06.2021 02:00;17;0;8;7;56
07.06.2021 03:00;14;0;6;6;67
07.06.2021 04:00;15;0;8;8;52
07.06.2021 05:00;15;0;7;7;55
07.06.2021 06:00;15;0;6;6;50
07.06.2021 07:00;16;0;7;7;47
07.06.2021 08:00;17;0;9;9;40
07.06.2021 09:00;19;0;12;12;71
07.06.2021 10:00;22;0;7;7;93
07.06.2021 11:00;19;0;5;5;99
07.06.2021 12:00;17;0;3;3;105
07.06.2021 13:00;14;0;2;2;106
07.06.2021 14:00;14;0;2;2;108
07.06.2021 15:00;15;0;2;2;109
07.06.2021 16:00;15;0;2;2;108
07.06.2021 17:00;14;0;2;1;109
07.06.2021 18:00;13;0;2;1;109
07.06.2021 19:00;14;0;2;2;110
07.06.2021 20:00;14;0;4;4;93
07.06.2021 21:00;13;0;5;4;87
07.06.2021 22:00;13;0;4;4;83
07.06.2021 23:00;16;0;9;8;68
08.06.2021 00:00;17;0;8;7;59
08.06.2021 01:00;20;0;10;9;58
08.06.2021 02:00;23;0;11;10;41
08.06.2021 03:00;21;0;9;8;37
08.06.2021 04:00;22;0;9;8;32
08.06.2021 05:00;23;0;10;9;28
08.06.2021 06:00;23;0;8;7;26
08.06.2021 07:00;22;0;9;8;16
08.06.2021 08:00;24;0;11;10;24
08.06.2021 09:00;28;0;29;29;62
08.06.2021 10:00;29;0;26;26;91
08.06.2021 11:00;19;0;7;7;103
08.06.2021 12:00;17;0;3;2;112
08.06.2021 13:00;17;0;2;1;114
08.06.2021 14:00;17;0;2;1;111
08.06.2021 15:00;20;0;3;2;111
08.06.2021 16:00;16;0;2;1;115
08.06.2021 17:00;17;0;4;3;112
08.06.2021 18:00;19;0;2;1;113
08.06.2021 19:00;17;0;2;1;111
08.06.2021 20:00;16;0;3;2;105
08.06.2021 21:00;16;0;4;3;94
08.06.2021 22:00;15;0;5;4;83
08.06.2021 23:00;14;0;6;5;77
09.06.2021 00:00;10;0;3;2;80
09.06.2021 01:00;8;0;6;5;62
09.06.2021 02:00;8;0;8;7;58
09.06.2021 03:00;8;0;8;8;53
09.06.2021 04:00;8;0;8;8;44
09.06.2021 05:00;9;0;9;9;40
09.06.2021 06:00;8;0;9;8;36
09.06.2021 07:00;8;0;9;8;21
09.06.2021 08:00;10;0;7;7;18
09.06.2021 09:00;18;0;11;11;56
09.06.2021 10:00;8;0;8;8;84
09.06.2021 11:00;9;0;8;8;89
09.06.2021 12:00;9;0;5;5;100
09.06.2021 13:00;11;0;4;4;109
09.06.2021 14:00;10;0;4;3;111
09.06.2021 15:00;9;0;3;2;109
09.06.2021 16:00;9;0;3;2;107
09.06.2021 17:00;9;0;2;2;103
09.06.2021 18:00;8;0;3;2;94
09.06.2021 19:00;13;0;2;2;85
09.06.2021 20:00;8;0;5;4;76
09.06.2021 21:00;7;0;6;5;69
09.06.2021 22:00;9;0;5;4;66
09.06.2021 23:00;12;0;6;5;55
10.06.2021 00:00;12;0;8;7;49
10.06.2021 01:00;13;0;10;9;41
10.06.2021 02:00;12;0;7;6;48
10.06.2021 03:00;12;0;14;13;34
10.06.2021 04:00;12;0;11;11;30
10.06.2021 05:00;13;0;9;8;27
10.06.2021 06:00;13;0;8;7;32
10.06.2021 07:00;13;0;10;9;23
10.06.2021 08:00;14;0;13;12;18
10.06.2021 09:00;26;0;23;24;44
10.06.2021 10:00;25;0;17;17;94
10.06.2021 11:00;21;0;7;6;118
10.06.2021 12:00;19;0;4;4;125
10.06.2021 13:00;17;0;4;3;
10.06.2021 14:00;14;0;3;3;120
10.06.2021 15:00;15;0;4;3;129
10.06.2021 16:00;14;0;3;2;131